"totalCount","data__classification_fixed_id","data__base_pay_rate_id","data__base_rate_type","data__base_rate","data__calculated_pay_rate_id","data__calculated_rate_type","data__calculated_rate","data__parent_classification_name","data__classification","data__classification_level","data__employee_rate_type_code","data__operative_from","data__operative_to","data__version_number","data__published_year","data__last_modified_datetime"
"380","88027","null","null","null","null","null","null","null","Retail Employee Level 1","null","null","2025-07-01","null","5","2025","2025-06-03T01:19:21+00:00"
"","88129","null","null","null","null","null","null","null","Has not completed year 12","null","null","2025-07-01","null","5","2025","2025-06-03T01:19:19+00:00"
"","88154","null","null","null","null","null","null","null","Completed year 12","null","null","2025-07-01","null","5","2025","2025-06-03T01:19:21+00:00"
"","88035","null","null","null","null","null","null","null","Retail Employee Level 3","null","JN","2025-07-01","null","5","2025","2025-06-03T01:19:21+00:00"
"","88096","null","null","null","null","null","null","null","Retail Employee Level 2","null","JN","2025-07-01","null","5","2025","2025-06-03T01:19:21+00:00"
"","88159","BR100043","Weekly","854.72","CR30173","Hourly","22.49","null","1st year","1","AA","2025-07-01","null","6","2025","2025-06-03T01:19:17+00:00"
"","112","BR89790","Weekly","1008.9","CR25659","Hourly","26.55","null","Retail Employee Level 1","1","AD","2025-07-01","null","5","2025","2025-06-03T01:19:11+00:00"
"","88155","BR100039","Weekly","587.62","CR30181","Hourly","15.46","Completed year 12","1st year","1","AP","2025-07-01","null","5","2025","2025-06-03T01:19:17+00:00"
"","88130","BR100015","Weekly","534.2","CR30177","Hourly","14.06","Has not completed year 12","1st year","1","AP","2025-07-01","null","5","2025","2025-06-03T01:19:17+00:00"
"","88124","BR100011","Weekly","534.2","CR30169","Hourly","14.06","null","1st year","1","AP","2025-07-01","null","5","2025","2025-06-03T01:19:17+00:00"
"","88033","BR99919","Weekly","908.01","null","null","null","Retail Employee Level 1","20 years of age and employed by the employer for 6 months or less","1","JN","2025-07-01","null","6","2025","2025-06-03T01:19:18+00:00"
"","88029","BR99915","Weekly","504.45","null","null","null","Retail Employee Level 1","16 years of age","1","JN","2025-07-01","null","6","2025","2025-06-03T01:19:18+00:00"
"","88034","BR99920","Weekly","1008.9","null","null","null","Retail Employee Level 1","20 years of age and employed by the employer for more than 6 months","1","JN","2025-07-01","null","8","2025","2025-06-03T01:19:18+00:00"
"","88030","BR99916","Weekly","605.34","null","null","null","Retail Employee Level 1","17 years of age","1","JN","2025-07-01","null","6","2025","2025-06-03T01:19:18+00:00"
"","88028","BR99914","Weekly","454.01","null","null","null","Retail Employee Level 1","Under 16 years of age","1","JN","2025-07-01","null","7","2025","2025-06-03T01:19:18+00:00"
"","88032","BR99918","Weekly","807.12","null","null","null","Retail Employee Level 1","19 years of age","1","JN","2025-07-01","null","6","2025","2025-06-03T01:19:18+00:00"
"","88031","BR99917","Weekly","706.23","null","null","null","Retail Employee Level 1","18 years of age","1","JN","2025-07-01","null","6","2025","2025-06-03T01:19:18+00:00"
"","88160","BR100044","Weekly","1008.9","CR30174","Hourly","26.55","null","2nd year","2","AA","2025-07-01","null","6","2025","2025-06-03T01:19:17+00:00"
"","113","BR89791","Weekly","1032","CR25660","Hourly","27.16","null","Retail Employee Level 2","2","AD","2025-07-01","null","5","2025","2025-06-03T01:19:11+00:00"
"","88156","BR100040","Weekly","694.46","CR30182","Hourly","18.28","Completed year 12","2nd year","2","AP","2025-07-01","null","5","2025","2025-06-03T01:19:18+00:00"
"","88125","BR100012","Weekly","641.04","CR30170","Hourly","16.87","null","2nd year","2","AP","2025-07-01","null","5","2025","2025-06-03T01:19:17+00:00"
"","88151","BR100035","Weekly","641.04","CR30178","Hourly","16.87","Has not completed year 12","2nd year","2","AP","2025-07-01","null","5","2025","2025-06-03T01:19:17+00:00"
"","88044","BR99929","Weekly","516","null","null","null","Retail Employee Level 2","16 years of age","2","JN","2025-07-01","null","6","2025","2025-06-03T01:19:18+00:00"
"","88072","BR99956","Weekly","1032","null","null","null","Retail Employee Level 2","20 years of age and employed by the employer for more than 6 months","2","JN","2025-07-01","null","8","2025","2025-06-03T01:19:18+00:00"
"","90262","BR102008","Weekly","464.4","null","null","null","Retail Employee Level 2","Under 16 years of age","2","JN","2025-07-01","null","7","2025","2025-06-03T01:19:18+00:00"
"","88070","BR99954","Weekly","825.6","null","null","null","Retail Employee Level 2","19 years of age","2","JN","2025-07-01","null","6","2025","2025-06-03T01:19:18+00:00"
"","88046","BR99931","Weekly","722.4","null","null","null","Retail Employee Level 2","18 years of age","2","JN","2025-07-01","null","6","2025","2025-06-03T01:19:18+00:00"
"","88071","BR99955","Weekly","928.8","null","null","null","Retail Employee Level 2","20 years of age and employed by the employer for 6 months or less","2","JN","2025-07-01","null","6","2025","2025-06-03T01:19:18+00:00"
"","88045","BR99930","Weekly","619.2","null","null","null","Retail Employee Level 2","17 years of age","2","JN","2025-07-01","null","6","2025","2025-06-03T01:19:18+00:00"
"","88161","BR100045","Weekly","1008.9","CR30175","Hourly","26.55","null","3rd year","3","AA","2025-07-01","null","7","2025","2025-06-03T01:19:17+00:00"
"","114","BR89792","Weekly","1048","CR25661","Hourly","27.58","null","Retail Employee Level 3","3","AD","2025-07-01","null","5","2025","2025-06-03T01:19:11+00:00"
"","88123","BR100010","Weekly","854.72","CR30171","Hourly","22.49","null","3rd year","3","AP","2025-07-01","null","5","2025","2025-06-03T01:19:17+00:00"
"","88157","BR100041","Weekly","854.72","CR30183","Hourly","22.49","Completed year 12","3rd year","3","AP","2025-07-01","null","5","2025","2025-06-03T01:19:18+00:00"
"","88152","BR100036","Weekly","854.72","CR30179","Hourly","22.49","Has not completed year 12","3rd year","3","AP","2025-07-01","null","5","2025","2025-06-03T01:19:17+00:00"
"","88074","BR99959","Weekly","524","null","null","null","Retail Employee Level 3","16 years of age","3","JN","2025-07-01","null","6","2025","2025-06-03T01:19:18+00:00"
"","88078","BR99963","Weekly","943.2","null","null","null","Retail Employee Level 3","20 years of age and employed by the employer for 6 months or less","3","JN","2025-07-01","null","6","2025","2025-06-03T01:19:19+00:00"
"","88079","BR99964","Weekly","1048","null","null","null","Retail Employee Level 3","20 years of age and employed by the employer for more than 6 months","3","JN","2025-07-01","null","8","2025","2025-06-03T01:19:19+00:00"
"","88073","BR99957","Weekly","471.6","null","null","null","Retail Employee Level 3","Under 16 years of age","3","JN","2025-07-01","null","7","2025","2025-06-03T01:19:18+00:00"
"","88077","BR99962","Weekly","838.4","null","null","null","Retail Employee Level 3","19 years of age","3","JN","2025-07-01","null","6","2025","2025-06-03T01:19:19+00:00"
"","88076","BR99961","Weekly","733.6","null","null","null","Retail Employee Level 3","18 years of age","3","JN","2025-07-01","null","6","2025","2025-06-03T01:19:19+00:00"
"","88075","BR99960","Weekly","628.8","null","null","null","Retail Employee Level 3","17 years of age","3","JN","2025-07-01","null","6","2025","2025-06-03T01:19:18+00:00"
"","88162","BR100046","Weekly","1008.9","CR30176","Hourly","26.55","null","4th year (4 year apprenticeship only)","4","AA","2025-07-01","null","7","2025","2025-06-03T01:19:17+00:00"
"","115","BR89793","Weekly","1068.4","CR25662","Hourly","28.12","null","Retail Employee Level 4","4","AD","2025-07-01","null","5","2025","2025-06-03T01:19:11+00:00"
"","88158","BR100042","Weekly","961.56","CR30184","Hourly","25.3","Completed year 12","4th year (4 year apprenticeship only)","4","AP","2025-07-01","null","5","2025","2025-06-03T01:19:18+00:00"
"","88126","BR100013","Weekly","961.56","CR30172","Hourly","25.3","null","4th year (4 year apprenticeship only)","4","AP","2025-07-01","null","5","2025","2025-06-03T01:19:17+00:00"
"","88153","BR100037","Weekly","961.56","CR30180","Hourly","25.3","Has not completed year 12","4th year (4 year apprenticeship only)","4","AP","2025-07-01","null","5","2025","2025-06-03T01:19:17+00:00"
"","116","BR89794","Weekly","1112.3","CR25663","Hourly","29.27","null","Retail Employee Level 5","5","AD","2025-07-01","null","5","2025","2025-06-03T01:19:11+00:00"
"","117","BR89795","Weekly","1128.5","CR25664","Hourly","29.7","null","Retail Employee Level 6","6","AD","2025-07-01","null","5","2025","2025-06-03T01:19:11+00:00"
"","118","BR89796","Weekly","1185.1","CR25665","Hourly","31.19","null","Retail Employee Level 7","7","AD","2025-07-01","null","5","2025","2025-06-03T01:19:12+00:00"
"","119","BR89797","Weekly","1233.2","CR25666","Hourly","32.45","null","Retail Employee Level 8","8","AD","2025-07-01","null","5","2025","2025-06-03T01:19:12+00:00"
"","88027","null","null","null","null","null","null","null","Retail Employee Level 1","null","null","2024-07-01","2025-06-30","4","2024","2025-06-25T23:36:26+00:00"
"","88129","null","null","null","null","null","null","null","Has not completed year 12","null","null","2024-07-01","2025-06-30","4","2024","2025-06-25T23:36:27+00:00"
"","88154","null","null","null","null","null","null","null","Completed year 12","null","null","2024-07-01","2025-06-30","4","2024","2025-06-25T23:36:25+00:00"
"","88035","null","null","null","null","null","null","null","Retail Employee Level 3","null","JN","2024-07-01","2025-06-30","4","2024","2025-06-25T23:36:26+00:00"
"","88096","null","null","null","null","null","null","null","Retail Employee Level 2","null","JN","2024-07-01","2025-06-30","4","2024","2025-06-25T23:36:26+00:00"
"","88159","BR100043","Weekly","825.84","CR30173","Hourly","21.73","null","1st year","1","AA","2024-07-01","2025-06-30","5","2024","2025-06-25T23:36:25+00:00"
"","112","BR89790","Weekly","974.8","CR25659","Hourly","25.65","null","Retail Employee Level 1","1","AD","2024-07-01","2025-06-30","4","2024","2025-06-25T23:36:25+00:00"
"","88124","BR100011","Weekly","516.15","CR30169","Hourly","13.58","null","1st year","1","AP","2024-07-01","2025-06-30","4","2024","2025-06-25T23:36:26+00:00"
"","88130","BR100015","Weekly","516.15","CR30177","Hourly","13.58","Has not completed year 12","1st year","1","AP","2024-07-01","2025-06-30","4","2024","2025-06-25T23:36:27+00:00"
"","88155","BR100039","Weekly","567.77","CR30181","Hourly","14.94","Completed year 12","1st year","1","AP","2024-07-01","2025-06-30","4","2024","2025-06-25T23:36:27+00:00"
"","88029","BR99915","Weekly","487.4","null","null","null","Retail Employee Level 1","16 years of age","1","JN","2024-07-01","2025-06-30","5","2024","2025-06-25T23:36:27+00:00"
"","88028","BR99914","Weekly","438.66","null","null","null","Retail Employee Level 1","Under 16 years of age","1","JN","2024-07-01","2025-06-30","6","2024","2025-06-25T23:36:27+00:00"
"","88033","BR99919","Weekly","877.32","null","null","null","Retail Employee Level 1","20 years of age and employed by the employer for 6 months or less","1","JN","2024-07-01","2025-06-30","5","2024","2025-06-25T23:36:27+00:00"
"","88030","BR99916","Weekly","584.88","null","null","null","Retail Employee Level 1","17 years of age","1","JN","2024-07-01","2025-06-30","5","2024","2025-06-25T23:36:27+00:00"
"","88034","BR99920","Weekly","974.8","null","null","null","Retail Employee Level 1","20 years of age and employed by the employer for more than 6 months","1","JN","2024-07-01","2025-06-30","7","2024","2025-06-25T23:36:27+00:00"
"","88031","BR99917","Weekly","682.36","null","null","null","Retail Employee Level 1","18 years of age","1","JN","2024-07-01","2025-06-30","5","2024","2025-06-25T23:36:27+00:00"
"","88032","BR99918","Weekly","779.84","null","null","null","Retail Employee Level 1","19 years of age","1","JN","2024-07-01","2025-06-30","5","2024","2025-06-25T23:36:27+00:00"
"","88160","BR100044","Weekly","974.8","CR30174","Hourly","25.65","null","2nd year","2","AA","2024-07-01","2025-06-30","5","2024","2025-06-25T23:36:25+00:00"
"","113","BR89791","Weekly","997.1","CR25660","Hourly","26.24","null","Retail Employee Level 2","2","AD","2024-07-01","2025-06-30","4","2024","2025-06-25T23:36:26+00:00"
"","88125","BR100012","Weekly","619.38","CR30170","Hourly","16.3","null","2nd year","2","AP","2024-07-01","2025-06-30","4","2024","2025-06-25T23:36:26+00:00"
"","88151","BR100035","Weekly","619.38","CR30178","Hourly","16.3","Has not completed year 12","2nd year","2","AP","2024-07-01","2025-06-30","4","2024","2025-06-25T23:36:27+00:00"
"","88156","BR100040","Weekly","671","CR30182","Hourly","17.66","Completed year 12","2nd year","2","AP","2024-07-01","2025-06-30","4","2024","2025-06-25T23:36:27+00:00"
"","90262","BR102008","Weekly","448.7","null","null","null","Retail Employee Level 2","Under 16 years of age","2","JN","2024-07-01","2025-06-30","6","2024","2025-06-25T23:36:27+00:00"
"","88070","BR99954","Weekly","797.68","null","null","null","Retail Employee Level 2","19 years of age","2","JN","2024-07-01","2025-06-30","5","2024","2025-06-25T23:36:28+00:00"
"","88044","BR99929","Weekly","498.55","null","null","null","Retail Employee Level 2","16 years of age","2","JN","2024-07-01","2025-06-30","5","2024","2025-06-25T23:36:27+00:00"
"","88045","BR99930","Weekly","598.26","null","null","null","Retail Employee Level 2","17 years of age","2","JN","2024-07-01","2025-06-30","5","2024","2025-06-25T23:36:28+00:00"
"","88046","BR99931","Weekly","697.97","null","null","null","Retail Employee Level 2","18 years of age","2","JN","2024-07-01","2025-06-30","5","2024","2025-06-25T23:36:28+00:00"
"","88071","BR99955","Weekly","897.39","null","null","null","Retail Employee Level 2","20 years of age and employed by the employer for 6 months or less","2","JN","2024-07-01","2025-06-30","5","2024","2025-06-25T23:36:28+00:00"
"","88072","BR99956","Weekly","997.1","null","null","null","Retail Employee Level 2","20 years of age and employed by the employer for more than 6 months","2","JN","2024-07-01","2025-06-30","7","2024","2025-06-25T23:36:28+00:00"
"","88161","BR100045","Weekly","974.8","CR30175","Hourly","25.65","null","3rd year","3","AA","2024-07-01","2025-06-30","6","2024","2025-06-25T23:36:25+00:00"
"","114","BR89792","Weekly","1012.6","CR25661","Hourly","26.65","null","Retail Employee Level 3","3","AD","2024-07-01","2025-06-30","4","2024","2025-06-25T23:36:26+00:00"
"","88123","BR100010","Weekly","825.84","CR30171","Hourly","21.73","null","3rd year","3","AP","2024-07-01","2025-06-30","4","2024","2025-06-25T23:36:26+00:00"
"","88152","BR100036","Weekly","825.84","CR30179","Hourly","21.73","Has not completed year 12","3rd year","3","AP","2024-07-01","2025-06-30","4","2024","2025-06-25T23:36:27+00:00"
"","88157","BR100041","Weekly","825.84","CR30183","Hourly","21.73","Completed year 12","3rd year","3","AP","2024-07-01","2025-06-30","4","2024","2025-06-25T23:36:27+00:00"
"","88074","BR99959","Weekly","506.3","null","null","null","Retail Employee Level 3","16 years of age","3","JN","2024-07-01","2025-06-30","5","2024","2025-06-25T23:36:28+00:00"
"","88073","BR99957","Weekly","455.67","null","null","null","Retail Employee Level 3","Under 16 years of age","3","JN","2024-07-01","2025-06-30","6","2024","2025-06-25T23:36:28+00:00"
"","88075","BR99960","Weekly","607.56","null","null","null","Retail Employee Level 3","17 years of age","3","JN","2024-07-01","2025-06-30","5","2024","2025-06-25T23:36:28+00:00"
"","88076","BR99961","Weekly","708.82","null","null","null","Retail Employee Level 3","18 years of age","3","JN","2024-07-01","2025-06-30","5","2024","2025-06-25T23:36:28+00:00"
"","88077","BR99962","Weekly","810.08","null","null","null","Retail Employee Level 3","19 years of age","3","JN","2024-07-01","2025-06-30","5","2024","2025-06-25T23:36:28+00:00"
"","88078","BR99963","Weekly","911.34","null","null","null","Retail Employee Level 3","20 years of age and employed by the employer for 6 months or less","3","JN","2024-07-01","2025-06-30","5","2024","2025-06-25T23:36:28+00:00"
"","88079","BR99964","Weekly","1012.6","null","null","null","Retail Employee Level 3","20 years of age and employed by the employer for more than 6 months","3","JN","2024-07-01","2025-06-30","7","2024","2025-06-25T23:36:28+00:00"
"","88162","BR100046","Weekly","974.8","CR30176","Hourly","25.65","null","4th year (4 year apprenticeship only)","4","AA","2024-07-01","2025-06-30","6","2024","2025-06-25T23:36:25+00:00"
"","115","BR89793","Weekly","1032.3","CR25662","Hourly","27.17","null","Retail Employee Level 4","4","AD","2024-07-01","2025-06-30","4","2024","2025-06-25T23:36:26+00:00"
"","88126","BR100013","Weekly","929.07","CR30172","Hourly","24.45","null","4th year (4 year apprenticeship only)","4","AP","2024-07-01","2025-06-30","4","2024","2025-06-25T23:36:27+00:00"
"","88153","BR100037","Weekly","929.07","CR30180","Hourly","24.45","Has not completed year 12","4th year (4 year apprenticeship only)","4","AP","2024-07-01","2025-06-30","4","2024","2025-06-25T23:36:27+00:00"
"","88158","BR100042","Weekly","929.07","CR30184","Hourly","24.45","Completed year 12","4th year (4 year apprenticeship only)","4","AP","2024-07-01","2025-06-30","4","2024","2025-06-25T23:36:27+00:00"
"","116","BR89794","Weekly","1074.7","CR25663","Hourly","28.28","null","Retail Employee Level 5","5","AD","2024-07-01","2025-06-30","4","2024","2025-06-25T23:36:26+00:00"
"","117","BR89795","Weekly","1090.3","CR25664","Hourly","28.69","null","Retail Employee Level 6","6","AD","2024-07-01","2025-06-30","4","2024","2025-06-25T23:36:26+00:00"
"","118","BR89796","Weekly","1145","CR25665","Hourly","30.13","null","Retail Employee Level 7","7","AD","2024-07-01","2025-06-30","4","2024","2025-06-25T23:36:26+00:00"
"","119","BR89797","Weekly","1191.5","CR25666","Hourly","31.36","null","Retail Employee Level 8","8","AD","2024-07-01","2025-06-30","4","2024","2025-06-25T23:36:26+00:00"
"","88027","null","null","null","null","null","null","null","Retail Employee Level 1","null","null","2023-07-01","2024-06-30","3","2023","2025-05-08T02:35:38+00:00"
"","88154","null","null","null","null","null","null","null","Completed year 12","null","null","2023-07-01","2024-06-30","3","2023","2025-05-08T02:35:38+00:00"
"","88129","null","null","null","null","null","null","null","Has not completed year 12","null","null","2023-07-01","2024-06-30","3","2023","2025-05-08T02:35:40+00:00"
"","88035","null","null","null","null","null","null","null","Retail Employee Level 3","null","JN","2023-07-01","2024-06-30","3","2023","2025-05-08T02:35:38+00:00"
"","88096","null","null","null","null","null","null","null","Retail Employee Level 2","null","JN","2023-07-01","2024-06-30","3","2023","2025-05-08T02:35:40+00:00"
"","88159","BR100043","Weekly","796","CR30173","Hourly","20.95","null","1st year","1","AA","2023-07-01","2024-06-30","4","2023","2025-05-08T02:35:38+00:00"
"","112","BR89790","Weekly","939.6","CR25659","Hourly","24.73","null","Retail Employee Level 1","1","AD","2023-07-01","2024-06-30","3","2023","2025-05-08T02:35:28+00:00"
"","88130","BR100015","Weekly","497.5","CR30177","Hourly","13.09","Has not completed year 12","1st year","1","AP","2023-07-01","2024-06-30","3","2023","2025-05-08T02:35:40+00:00"
"","88124","BR100011","Weekly","497.5","CR30169","Hourly","13.09","null","1st year","1","AP","2023-07-01","2024-06-30","3","2023","2025-05-08T02:35:40+00:00"
"","88155","BR100039","Weekly","547.25","CR30181","Hourly","14.4","Completed year 12","1st year","1","AP","2023-07-01","2024-06-30","3","2023","2025-05-08T02:35:38+00:00"
"","88030","BR99916","Weekly","563.76","null","null","null","Retail Employee Level 1","17 years of age","1","JN","2023-07-01","2024-06-30","4","2023","2025-05-08T02:35:38+00:00"
"","88031","BR99917","Weekly","657.72","null","null","null","Retail Employee Level 1","18 years of age","1","JN","2023-07-01","2024-06-30","4","2023","2025-05-08T02:35:38+00:00"
"","88032","BR99918","Weekly","751.68","null","null","null","Retail Employee Level 1","19 years of age","1","JN","2023-07-01","2024-06-30","4","2023","2025-05-08T02:35:38+00:00"
"","88033","BR99919","Weekly","845.64","null","null","null","Retail Employee Level 1","20 years of age and employed by the employer for 6 months or less","1","JN","2023-07-01","2024-06-30","4","2023","2025-05-08T02:35:38+00:00"
"","88034","BR99920","Weekly","939.6","null","null","null","Retail Employee Level 1","20 years of age and employed by the employer for more than 6 months","1","JN","2023-07-01","2024-06-30","6","2023","2025-05-08T02:35:38+00:00"
"","88028","BR99914","Weekly","422.82","null","null","null","Retail Employee Level 1","Under 16 years of age","1","JN","2023-07-01","2024-06-30","5","2023","2025-05-08T02:35:38+00:00"
"","88029","BR99915","Weekly","469.8","null","null","null","Retail Employee Level 1","16 years of age","1","JN","2023-07-01","2024-06-30","4","2023","2025-05-08T02:35:38+00:00"
"","88160","BR100044","Weekly","939.6","CR30174","Hourly","24.73","null","2nd year","2","AA","2023-07-01","2024-06-30","4","2023","2025-05-08T02:35:38+00:00"
"","113","BR89791","Weekly","961.1","CR25660","Hourly","25.29","null","Retail Employee Level 2","2","AD","2023-07-01","2024-06-30","3","2023","2025-05-08T02:35:28+00:00"
"","88125","BR100012","Weekly","597","CR30170","Hourly","15.71","null","2nd year","2","AP","2023-07-01","2024-06-30","3","2023","2025-05-08T02:35:40+00:00"
"","88156","BR100040","Weekly","646.75","CR30182","Hourly","17.02","Completed year 12","2nd year","2","AP","2023-07-01","2024-06-30","3","2023","2025-05-08T02:35:38+00:00"
"","88151","BR100035","Weekly","597","CR30178","Hourly","15.71","Has not completed year 12","2nd year","2","AP","2023-07-01","2024-06-30","3","2023","2025-05-08T02:35:41+00:00"
"","88071","BR99955","Weekly","864.99","null","null","null","Retail Employee Level 2","20 years of age and employed by the employer for 6 months or less","2","JN","2023-07-01","2024-06-30","4","2023","2025-05-08T02:35:40+00:00"
"","88044","BR99929","Weekly","480.55","null","null","null","Retail Employee Level 2","16 years of age","2","JN","2023-07-01","2024-06-30","4","2023","2025-05-08T02:35:39+00:00"
"","88046","BR99931","Weekly","672.77","null","null","null","Retail Employee Level 2","18 years of age","2","JN","2023-07-01","2024-06-30","4","2023","2025-05-08T02:35:39+00:00"
"","90262","BR102008","Weekly","432.5","null","null","null","Retail Employee Level 2","Under 16 years of age","2","JN","2023-07-01","2024-06-30","5","2023","2025-05-08T02:35:45+00:00"
"","88070","BR99954","Weekly","768.88","null","null","null","Retail Employee Level 2","19 years of age","2","JN","2023-07-01","2024-06-30","4","2023","2025-05-08T02:35:40+00:00"
"","88045","BR99930","Weekly","576.66","null","null","null","Retail Employee Level 2","17 years of age","2","JN","2023-07-01","2024-06-30","4","2023","2025-05-08T02:35:39+00:00"
"","88072","BR99956","Weekly","961.1","null","null","null","Retail Employee Level 2","20 years of age and employed by the employer for more than 6 months","2","JN","2023-07-01","2024-06-30","6","2023","2025-05-08T02:35:40+00:00"
"","88161","BR100045","Weekly","939.6","CR30175","Hourly","24.73","null","3rd year","3","AA","2023-07-01","2024-06-30","5","2023","2025-05-08T02:35:38+00:00"
"","114","BR89792","Weekly","976","CR25661","Hourly","25.68","null","Retail Employee Level 3","3","AD","2023-07-01","2024-06-30","3","2023","2025-05-08T02:35:28+00:00"
"","88123","BR100010","Weekly","796","CR30171","Hourly","20.95","null","3rd year","3","AP","2023-07-01","2024-06-30","3","2023","2025-05-08T02:35:40+00:00"
"","88152","BR100036","Weekly","796","CR30179","Hourly","20.95","Has not completed year 12","3rd year","3","AP","2023-07-01","2024-06-30","3","2023","2025-05-08T02:35:38+00:00"
"","88157","BR100041","Weekly","796","CR30183","Hourly","20.95","Completed year 12","3rd year","3","AP","2023-07-01","2024-06-30","3","2023","2025-05-08T02:35:38+00:00"
"","88076","BR99961","Weekly","683.2","null","null","null","Retail Employee Level 3","18 years of age","3","JN","2023-07-01","2024-06-30","4","2023","2025-05-08T02:35:40+00:00"
"","88079","BR99964","Weekly","976","null","null","null","Retail Employee Level 3","20 years of age and employed by the employer for more than 6 months","3","JN","2023-07-01","2024-06-30","6","2023","2025-05-08T02:35:40+00:00"
"","88073","BR99957","Weekly","439.2","null","null","null","Retail Employee Level 3","Under 16 years of age","3","JN","2023-07-01","2024-06-30","5","2023","2025-05-08T02:35:40+00:00"
"","88077","BR99962","Weekly","780.8","null","null","null","Retail Employee Level 3","19 years of age","3","JN","2023-07-01","2024-06-30","4","2023","2025-05-08T02:35:40+00:00"
"","88074","BR99959","Weekly","488","null","null","null","Retail Employee Level 3","16 years of age","3","JN","2023-07-01","2024-06-30","4","2023","2025-05-08T02:35:40+00:00"
"","88078","BR99963","Weekly","878.4","null","null","null","Retail Employee Level 3","20 years of age and employed by the employer for 6 months or less","3","JN","2023-07-01","2024-06-30","4","2023","2025-05-08T02:35:40+00:00"
"","88075","BR99960","Weekly","585.6","null","null","null","Retail Employee Level 3","17 years of age","3","JN","2023-07-01","2024-06-30","4","2023","2025-05-08T02:35:40+00:00"
"","88162","BR100046","Weekly","939.6","CR30176","Hourly","24.73","null","4th year (4 year apprenticeship only)","4","AA","2023-07-01","2024-06-30","5","2023","2025-05-08T02:35:38+00:00"
"","115","BR89793","Weekly","995","CR25662","Hourly","26.18","null","Retail Employee Level 4","4","AD","2023-07-01","2024-06-30","3","2023","2025-05-08T02:35:28+00:00"
"","88126","BR100013","Weekly","895.5","CR30172","Hourly","23.57","null","4th year (4 year apprenticeship only)","4","AP","2023-07-01","2024-06-30","3","2023","2025-05-08T02:35:40+00:00"
"","88158","BR100042","Weekly","895.5","CR30184","Hourly","23.57","Completed year 12","4th year (4 year apprenticeship only)","4","AP","2023-07-01","2024-06-30","3","2023","2025-05-08T02:35:38+00:00"
"","88153","BR100037","Weekly","895.5","CR30180","Hourly","23.57","Has not completed year 12","4th year (4 year apprenticeship only)","4","AP","2023-07-01","2024-06-30","3","2023","2025-05-08T02:35:38+00:00"
"","116","BR89794","Weekly","1035.9","CR25663","Hourly","27.26","null","Retail Employee Level 5","5","AD","2023-07-01","2024-06-30","3","2023","2025-05-08T02:35:28+00:00"
"","117","BR89795","Weekly","1050.9","CR25664","Hourly","27.66","null","Retail Employee Level 6","6","AD","2023-07-01","2024-06-30","3","2023","2025-05-08T02:35:28+00:00"
"","118","BR89796","Weekly","1103.6","CR25665","Hourly","29.04","null","Retail Employee Level 7","7","AD","2023-07-01","2024-06-30","3","2023","2025-05-08T02:35:28+00:00"
"","119","BR89797","Weekly","1148.4","CR25666","Hourly","30.22","null","Retail Employee Level 8","8","AD","2023-07-01","2024-06-30","3","2023","2025-05-08T02:35:28+00:00"
"","88154","null","null","null","null","null","null","null","Completed year 12","null","null","2022-07-01","2023-06-30","2","2022","2025-05-08T02:35:22+00:00"
"","88129","null","null","null","null","null","null","null","Has not completed year 12","null","null","2022-07-01","2023-06-30","2","2022","2025-05-08T02:35:21+00:00"
"","88027","null","null","null","null","null","null","null","Retail Employee Level 1","null","null","2022-07-01","2023-06-30","2","2022","2025-05-08T02:35:23+00:00"
"","88096","null","null","null","null","null","null","null","Retail Employee Level 2","null","JN","2022-07-01","2023-06-30","2","2022","2025-05-08T02:35:25+00:00"
"","88035","null","null","null","null","null","null","null","Retail Employee Level 3","null","JN","2022-07-01","2023-06-30","2","2022","2025-05-08T02:35:23+00:00"
"","88159","BR100043","Weekly","752.72","CR30173","Hourly","19.81","null","1st year","1","AA","2022-07-01","2023-06-30","3","2022","2025-05-08T02:35:23+00:00"
"","112","BR89790","Weekly","888.5","CR25659","Hourly","23.38","null","Retail Employee Level 1","1","AD","2022-07-01","2023-06-30","2","2022","2025-05-08T02:35:11+00:00"
"","88130","BR100015","Weekly","470.45","CR30177","Hourly","12.38","Has not completed year 12","1st year","1","AP","2022-07-01","2023-06-30","2","2022","2025-05-08T02:35:21+00:00"
"","88155","BR100039","Weekly","517.5","CR30181","Hourly","13.62","Completed year 12","1st year","1","AP","2022-07-01","2023-06-30","2","2022","2025-05-08T02:35:22+00:00"
"","88124","BR100011","Weekly","470.45","CR30169","Hourly","12.38","null","1st year","1","AP","2022-07-01","2023-06-30","2","2022","2025-05-08T02:35:25+00:00"
"","88028","BR99914","Weekly","399.83","null","null","null","Retail Employee Level 1","15 years of age and under","1","JN","2022-07-01","2023-06-30","3","2022","2025-05-08T02:35:23+00:00"
"","88029","BR99915","Weekly","444.25","null","null","null","Retail Employee Level 1","16 years of age","1","JN","2022-07-01","2023-06-30","3","2022","2025-05-08T02:35:23+00:00"
"","88030","BR99916","Weekly","533.1","null","null","null","Retail Employee Level 1","17 years of age","1","JN","2022-07-01","2023-06-30","3","2022","2025-05-08T02:35:23+00:00"
"","88031","BR99917","Weekly","621.95","null","null","null","Retail Employee Level 1","18 years of age","1","JN","2022-07-01","2023-06-30","3","2022","2025-05-08T02:35:23+00:00"
"","88032","BR99918","Weekly","710.8","null","null","null","Retail Employee Level 1","19 years of age","1","JN","2022-07-01","2023-06-30","3","2022","2025-05-08T02:35:23+00:00"
"","88033","BR99919","Weekly","799.65","null","null","null","Retail Employee Level 1","20 years of age and employed by the employer for 6 months or less","1","JN","2022-07-01","2023-06-30","3","2022","2025-05-08T02:35:23+00:00"
"","88034","BR99920","Weekly","888.5","null","null","null","Retail Employee Level 1","20 years of age and employed by the employer for more than 6 months","1","JN","2022-07-01","2023-06-30","4","2022","2025-05-08T02:35:23+00:00"
"","88160","BR100044","Weekly","888.5","CR30174","Hourly","23.38","null","2nd year","2","AA","2022-07-01","2023-06-30","3","2022","2025-05-08T02:35:23+00:00"
"","113","BR89791","Weekly","908.8","CR25660","Hourly","23.92","null","Retail Employee Level 2","2","AD","2022-07-01","2023-06-30","2","2022","2025-05-08T02:35:11+00:00"
"","88125","BR100012","Weekly","564.54","CR30170","Hourly","14.86","null","2nd year","2","AP","2022-07-01","2023-06-30","2","2022","2025-05-08T02:35:25+00:00"
"","88156","BR100040","Weekly","611.59","CR30182","Hourly","16.09","Completed year 12","2nd year","2","AP","2022-07-01","2023-06-30","2","2022","2025-05-08T02:35:22+00:00"
"","88151","BR100035","Weekly","564.54","CR30178","Hourly","14.86","Has not completed year 12","2nd year","2","AP","2022-07-01","2023-06-30","2","2022","2025-05-08T02:35:22+00:00"
"","90262","BR102008","Weekly","408.96","null","null","null","Retail Employee Level 2","15 years of age and under","2","JN","2022-07-01","2023-06-30","3","2022","2025-05-08T02:35:24+00:00"
"","88046","BR99931","Weekly","636.16","null","null","null","Retail Employee Level 2","18 years of age","2","JN","2022-07-01","2023-06-30","3","2022","2025-05-08T02:35:24+00:00"
"","88070","BR99954","Weekly","727.04","null","null","null","Retail Employee Level 2","19 years of age","2","JN","2022-07-01","2023-06-30","3","2022","2025-05-08T02:35:25+00:00"
"","88071","BR99955","Weekly","817.92","null","null","null","Retail Employee Level 2","20 years of age and employed by the employer for 6 months or less","2","JN","2022-07-01","2023-06-30","3","2022","2025-05-08T02:35:25+00:00"
"","88044","BR99929","Weekly","454.4","null","null","null","Retail Employee Level 2","16 years of age","2","JN","2022-07-01","2023-06-30","3","2022","2025-05-08T02:35:23+00:00"
"","88045","BR99930","Weekly","545.28","null","null","null","Retail Employee Level 2","17 years of age","2","JN","2022-07-01","2023-06-30","3","2022","2025-05-08T02:35:23+00:00"
"","88072","BR99956","Weekly","908.8","null","null","null","Retail Employee Level 2","20 years of age and employed by the employer for more than 6 months","2","JN","2022-07-01","2023-06-30","4","2022","2025-05-08T02:35:25+00:00"
"","88161","BR100045","Weekly","888.5","CR30175","Hourly","23.38","null","3rd year","3","AA","2022-07-01","2023-06-30","4","2022","2025-05-08T02:35:23+00:00"
"","114","BR89792","Weekly","922.9","CR25661","Hourly","24.29","null","Retail Employee Level 3","3","AD","2022-07-01","2023-06-30","2","2022","2025-05-08T02:35:11+00:00"
"","88123","BR100010","Weekly","752.72","CR30171","Hourly","19.81","null","3rd year","3","AP","2022-07-01","2023-06-30","2","2022","2025-05-08T02:35:25+00:00"
"","88157","BR100041","Weekly","752.72","CR30183","Hourly","19.81","Completed year 12","3rd year","3","AP","2022-07-01","2023-06-30","2","2022","2025-05-08T02:35:22+00:00"
"","88152","BR100036","Weekly","752.72","CR30179","Hourly","19.81","Has not completed year 12","3rd year","3","AP","2022-07-01","2023-06-30","2","2022","2025-05-08T02:35:22+00:00"
"","88073","BR99957","Weekly","415.31","null","null","null","Retail Employee Level 3","15 years of age and under","3","JN","2022-07-01","2023-06-30","3","2022","2025-05-08T02:35:25+00:00"
"","88074","BR99959","Weekly","461.45","null","null","null","Retail Employee Level 3","16 years of age","3","JN","2022-07-01","2023-06-30","3","2022","2025-05-08T02:35:25+00:00"
"","88075","BR99960","Weekly","553.74","null","null","null","Retail Employee Level 3","17 years of age","3","JN","2022-07-01","2023-06-30","3","2022","2025-05-08T02:35:25+00:00"
"","88076","BR99961","Weekly","646.03","null","null","null","Retail Employee Level 3","18 years of age","3","JN","2022-07-01","2023-06-30","3","2022","2025-05-08T02:35:25+00:00"
"","88077","BR99962","Weekly","738.32","null","null","null","Retail Employee Level 3","19 years of age","3","JN","2022-07-01","2023-06-30","3","2022","2025-05-08T02:35:25+00:00"
"","88078","BR99963","Weekly","830.61","null","null","null","Retail Employee Level 3","20 years of age and employed by the employer for 6 months or less","3","JN","2022-07-01","2023-06-30","3","2022","2025-05-08T02:35:25+00:00"
"","88079","BR99964","Weekly","922.9","null","null","null","Retail Employee Level 3","20 years of age and employed by the employer for more than 6 months","3","JN","2022-07-01","2023-06-30","4","2022","2025-05-08T02:35:25+00:00"
"","88162","BR100046","Weekly","888.5","CR30176","Hourly","23.38","null","4th year (4 year apprenticeship only)","4","AA","2022-07-01","2023-06-30","4","2022","2025-05-08T02:35:23+00:00"
"","115","BR89793","Weekly","940.9","CR25662","Hourly","24.76","null","Retail Employee Level 4","4","AD","2022-07-01","2023-06-30","2","2022","2025-05-08T02:35:11+00:00"
"","88126","BR100013","Weekly","846.81","CR30172","Hourly","22.28","null","4th year (4 year apprenticeship only)","4","AP","2022-07-01","2023-06-30","2","2022","2025-05-08T02:35:21+00:00"
"","88153","BR100037","Weekly","846.81","CR30180","Hourly","22.28","Has not completed year 12","4th year (4 year apprenticeship only)","4","AP","2022-07-01","2023-06-30","2","2022","2025-05-08T02:35:22+00:00"
"","88158","BR100042","Weekly","846.81","CR30184","Hourly","22.28","Completed year 12","4th year (4 year apprenticeship only)","4","AP","2022-07-01","2023-06-30","2","2022","2025-05-08T02:35:22+00:00"
"","116","BR89794","Weekly","979.6","CR25663","Hourly","25.78","null","Retail Employee Level 5","5","AD","2022-07-01","2023-06-30","2","2022","2025-05-08T02:35:11+00:00"
"","117","BR89795","Weekly","993.8","CR25664","Hourly","26.15","null","Retail Employee Level 6","6","AD","2022-07-01","2023-06-30","2","2022","2025-05-08T02:35:11+00:00"
"","118","BR89796","Weekly","1043.6","CR25665","Hourly","27.46","null","Retail Employee Level 7","7","AD","2022-07-01","2023-06-30","2","2022","2025-05-08T02:35:11+00:00"
"","119","BR89797","Weekly","1086","CR25666","Hourly","28.58","null","Retail Employee Level 8","8","AD","2022-07-01","2023-06-30","2","2022","2025-05-08T02:35:11+00:00"
"","88129","null","null","null","null","null","null","null","Has not completed year 12","null","null","2021-09-01","2022-06-30","1","2021","2025-05-08T02:35:10+00:00"
"","88027","null","null","null","null","null","null","null","Retail Employee Level 1","null","null","2021-09-01","2022-06-30","1","2021","2025-05-08T02:35:08+00:00"
"","88154","null","null","null","null","null","null","null","Completed year 12","null","null","2021-09-01","2022-06-30","1","2021","2025-05-08T02:35:11+00:00"
"","88035","null","null","null","null","null","null","null","Retail Employee Level 3","null","JN","2021-09-01","2022-06-30","1","2021","2025-05-08T02:35:08+00:00"
"","88096","null","null","null","null","null","null","null","Retail Employee Level 2","null","JN","2021-09-01","2022-06-30","1","2021","2025-05-08T02:35:10+00:00"
"","88159","BR100043","Weekly","719.6","CR30173","Hourly","18.94","null","1st year","1","AA","2021-09-01","2022-06-30","2","2021","2025-05-08T02:35:12+00:00"
"","112","BR89790","Weekly","848.5","CR25659","Hourly","22.33","null","Retail Employee Level 1","1","AD","2021-09-01","2022-06-30","1","2021","2025-05-08T02:34:55+00:00"
"","88130","BR100015","Weekly","449.75","CR30177","Hourly","11.84","Has not completed year 12","1st year","1","AP","2021-09-01","2022-06-30","1","2021","2025-05-08T02:35:10+00:00"
"","88155","BR100039","Weekly","494.73","CR30181","Hourly","13.02","Completed year 12","1st year","1","AP","2021-09-01","2022-06-30","1","2021","2025-05-08T02:35:12+00:00"
"","88124","BR100011","Weekly","449.75","CR30169","Hourly","11.84","null","1st year","1","AP","2021-09-01","2022-06-30","1","2021","2025-05-08T02:35:10+00:00"
"","88032","BR99918","Weekly","678.8","null","null","null","Retail Employee Level 1","19 years of age","1","JN","2021-09-01","2022-06-30","2","2021","2025-05-08T02:35:08+00:00"
"","88033","BR99919","Weekly","763.65","null","null","null","Retail Employee Level 1","20 years of age and employed by the employer for 6 months or less","1","JN","2021-09-01","2022-06-30","2","2021","2025-05-08T02:35:08+00:00"
"","88034","BR99920","Weekly","848.5","null","null","null","Retail Employee Level 1","20 years of age and employed by the employer for more than 6 months","1","JN","2021-09-01","2022-06-30","2","2021","2025-05-08T02:35:08+00:00"
"","88029","BR99915","Weekly","424.25","null","null","null","Retail Employee Level 1","16 years of age","1","JN","2021-09-01","2022-06-30","2","2021","2025-05-08T02:35:08+00:00"
"","88030","BR99916","Weekly","509.1","null","null","null","Retail Employee Level 1","17 years of age","1","JN","2021-09-01","2022-06-30","2","2021","2025-05-08T02:35:08+00:00"
"","88031","BR99917","Weekly","593.95","null","null","null","Retail Employee Level 1","18 years of age","1","JN","2021-09-01","2022-06-30","2","2021","2025-05-08T02:35:08+00:00"
"","88028","BR99914","Weekly","381.83","null","null","null","Retail Employee Level 1","15 years of age and under","1","JN","2021-09-01","2022-06-30","2","2021","2025-05-08T02:35:08+00:00"
"","88160","BR100044","Weekly","848.5","CR30174","Hourly","22.33","null","2nd year","2","AA","2021-09-01","2022-06-30","2","2021","2025-05-08T02:35:12+00:00"
"","88161","BR100045","Weekly","848.5","CR30175","Hourly","22.33","null","3rd year","2","AA","2021-09-01","2022-06-30","2","2021","2025-05-08T02:35:13+00:00"
"","88162","BR100046","Weekly","848.5","CR30176","Hourly","22.33","null","4th year (4 year apprenticeship only)","2","AA","2021-09-01","2022-06-30","2","2021","2025-05-08T02:35:13+00:00"
"","113","BR89791","Weekly","868.8","CR25660","Hourly","22.86","null","Retail Employee Level 2","2","AD","2021-09-01","2022-06-30","1","2021","2025-05-08T02:34:55+00:00"
"","88156","BR100040","Weekly","584.68","CR30182","Hourly","15.39","Completed year 12","2nd year","2","AP","2021-09-01","2022-06-30","1","2021","2025-05-08T02:35:12+00:00"
"","88151","BR100035","Weekly","539.7","CR30178","Hourly","14.2","Has not completed year 12","2nd year","2","AP","2021-09-01","2022-06-30","1","2021","2025-05-08T02:35:11+00:00"
"","88125","BR100012","Weekly","539.7","CR30170","Hourly","14.2","null","2nd year","2","AP","2021-09-01","2022-06-30","1","2021","2025-05-08T02:35:10+00:00"
"","88070","BR99954","Weekly","695.04","null","null","null","Retail Employee Level 2","19 years of age","2","JN","2021-09-01","2022-06-30","2","2021","2025-05-08T02:35:10+00:00"
"","90262","BR102008","Weekly","390.96","null","null","null","Retail Employee Level 2","15 years of age and under","2","JN","2021-09-01","2022-06-30","2","2021","2025-05-08T02:35:14+00:00"
"","88071","BR99955","Weekly","781.92","null","null","null","Retail Employee Level 2","20 years of age and employed by the employer for 6 months or less","2","JN","2021-09-01","2022-06-30","2","2021","2025-05-08T02:35:10+00:00"
"","88044","BR99929","Weekly","434.4","null","null","null","Retail Employee Level 2","16 years of age","2","JN","2021-09-01","2022-06-30","2","2021","2025-05-08T02:35:08+00:00"
"","88046","BR99931","Weekly","608.16","null","null","null","Retail Employee Level 2","18 years of age","2","JN","2021-09-01","2022-06-30","2","2021","2025-05-08T02:35:08+00:00"
"","88045","BR99930","Weekly","521.28","null","null","null","Retail Employee Level 2","17 years of age","2","JN","2021-09-01","2022-06-30","2","2021","2025-05-08T02:35:08+00:00"
"","88072","BR99956","Weekly","868.8","null","null","null","Retail Employee Level 2","20 years of age and employed by the employer for more than 6 months","2","JN","2021-09-01","2022-06-30","2","2021","2025-05-08T02:35:10+00:00"
"","114","BR89792","Weekly","882.3","CR25661","Hourly","23.22","null","Retail Employee Level 3","3","AD","2021-09-01","2022-06-30","1","2021","2025-05-08T02:34:55+00:00"
"","88123","BR100010","Weekly","719.6","CR30171","Hourly","18.94","null","3rd year","3","AP","2021-09-01","2022-06-30","1","2021","2025-05-08T02:35:10+00:00"
"","88157","BR100041","Weekly","719.6","CR30183","Hourly","18.94","Completed year 12","3rd year","3","AP","2021-09-01","2022-06-30","1","2021","2025-05-08T02:35:12+00:00"
"","88152","BR100036","Weekly","719.6","CR30179","Hourly","18.94","Has not completed year 12","3rd year","3","AP","2021-09-01","2022-06-30","1","2021","2025-05-08T02:35:11+00:00"
"","88073","BR99957","Weekly","397.04","null","null","null","Retail Employee Level 3","15 years of age and under","3","JN","2021-09-01","2022-06-30","2","2021","2025-05-08T02:35:10+00:00"
"","88078","BR99963","Weekly","794.07","null","null","null","Retail Employee Level 3","20 years of age and employed by the employer for 6 months or less","3","JN","2021-09-01","2022-06-30","2","2021","2025-05-08T02:35:10+00:00"
"","88074","BR99959","Weekly","441.15","null","null","null","Retail Employee Level 3","16 years of age","3","JN","2021-09-01","2022-06-30","2","2021","2025-05-08T02:35:10+00:00"
"","88079","BR99964","Weekly","882.3","null","null","null","Retail Employee Level 3","20 years of age and employed by the employer for more than 6 months","3","JN","2021-09-01","2022-06-30","2","2021","2025-05-08T02:35:10+00:00"
"","88075","BR99960","Weekly","529.38","null","null","null","Retail Employee Level 3","17 years of age","3","JN","2021-09-01","2022-06-30","2","2021","2025-05-08T02:35:10+00:00"
"","88076","BR99961","Weekly","617.61","null","null","null","Retail Employee Level 3","18 years of age","3","JN","2021-09-01","2022-06-30","2","2021","2025-05-08T02:35:10+00:00"
"","88077","BR99962","Weekly","705.84","null","null","null","Retail Employee Level 3","19 years of age","3","JN","2021-09-01","2022-06-30","2","2021","2025-05-08T02:35:10+00:00"
"","115","BR89793","Weekly","899.5","CR25662","Hourly","23.67","null","Retail Employee Level 4","4","AD","2021-09-01","2022-06-30","1","2021","2025-05-08T02:34:55+00:00"
"","88126","BR100013","Weekly","809.55","CR30172","Hourly","21.3","null","4th year (4 year apprenticeship only)","4","AP","2021-09-01","2022-06-30","1","2021","2025-05-08T02:35:10+00:00"
"","88153","BR100037","Weekly","809.55","CR30180","Hourly","21.3","Has not completed year 12","4th year (4 year apprenticeship only)","4","AP","2021-09-01","2022-06-30","1","2021","2025-05-08T02:35:11+00:00"
"","88158","BR100042","Weekly","809.55","CR30184","Hourly","21.3","Completed year 12","4th year (4 year apprenticeship only)","4","AP","2021-09-01","2022-06-30","1","2021","2025-05-08T02:35:12+00:00"
"","116","BR89794","Weekly","936.5","CR25663","Hourly","24.64","null","Retail Employee Level 5","5","AD","2021-09-01","2022-06-30","1","2021","2025-05-08T02:34:55+00:00"
"","117","BR89795","Weekly","950.1","CR25664","Hourly","25","null","Retail Employee Level 6","6","AD","2021-09-01","2022-06-30","1","2021","2025-05-08T02:34:55+00:00"
"","118","BR89796","Weekly","997.7","CR25665","Hourly","26.26","null","Retail Employee Level 7","7","AD","2021-09-01","2022-06-30","1","2021","2025-05-08T02:34:55+00:00"
"","119","BR89797","Weekly","1038.2","CR25666","Hourly","27.32","null","Retail Employee Level 8","8","AD","2021-09-01","2022-06-30","1","2021","2025-05-08T02:34:55+00:00"
"","112","null","Weekly","827.8","CR79009","Hourly","21.78","null","Retail Employee Level 1","null","null","2021-02-01","2021-08-31","null","2020","2025-05-08T02:34:42+00:00"
"","115","null","Weekly","877.6","CR79210","Hourly","23.09","null","Retail Employee Level 4","null","null","2021-02-01","2021-08-31","null","2020","2025-05-08T02:34:42+00:00"
"","88152","null","Weekly","702.08","CR81283","Hourly","18.48","Has not completed year 12","3rd year","null","null","2021-02-01","2021-08-31","null","2020","2025-05-08T02:34:49+00:00"
"","90262","null","Weekly","381.42","null","null","null","Retail Employee Level 2","15 years of age and under","null","null","2021-02-01","2021-08-31","null","2020","2025-05-08T02:34:51+00:00"
"","88072","null","Weekly","847.6","null","null","null","Retail Employee Level 2","20 years of age and employed by the employer for more than 6 months","null","null","2021-02-01","2021-08-31","null","2020","2025-05-08T02:34:50+00:00"
"","113","null","Weekly","847.6","CR79051","Hourly","22.31","null","Retail Employee Level 2","null","null","2021-02-01","2021-08-31","null","2020","2025-05-08T02:34:42+00:00"
"","88153","null","Weekly","789.84","CR81314","Hourly","20.79","Has not completed year 12","4th year (4 year apprenticeship only)","null","null","2021-02-01","2021-08-31","null","2020","2025-05-08T02:34:49+00:00"
"","88031","null","Weekly","579.46","null","null","null","Retail Employee Level 1","18 years of age","null","null","2021-02-01","2021-08-31","null","2020","2025-05-08T02:34:52+00:00"
"","88115","null","Weekly","506.45","null","null","null","Retail Employee Level 8","16 years of age","null","null","2021-02-01","2021-04-30","null","2020","2025-05-08T02:34:51+00:00"
"","116","null","Weekly","913.7","CR79257","Hourly","24.04","null","Retail Employee Level 5","null","null","2021-02-01","2021-08-31","null","2020","2025-05-08T02:34:42+00:00"
"","88154","null","null","null","null","null","null","null","Completed year 12","null","null","2021-02-01","2021-08-31","null","2020","2025-05-08T02:34:49+00:00"
"","88120","null","Weekly","1012.9","null","null","null","Retail Employee Level 8","20 years of age and employed by the employer for more than 6 months","null","null","2021-02-01","2021-04-30","null","2020","2025-05-08T02:34:51+00:00"
"","88159","null","Weekly","702.08","CR83690","Hourly","18.48","null","1st year","null","null","2021-02-01","2021-08-31","null","2020","2025-05-08T02:34:49+00:00"
"","114","null","Weekly","860.8","CR79153","Hourly","22.65","null","Retail Employee Level 3","null","null","2021-02-01","2021-08-31","null","2020","2025-05-08T02:34:42+00:00"
"","88155","null","Weekly","482.68","CR81368","Hourly","12.7","Completed year 12","1st year","null","null","2021-02-01","2021-08-31","null","2020","2025-05-08T02:34:49+00:00"
"","88032","null","Weekly","662.24","null","null","null","Retail Employee Level 1","19 years of age","null","null","2021-02-01","2021-08-31","null","2020","2025-05-08T02:34:52+00:00"
"","88116","null","Weekly","607.74","null","null","null","Retail Employee Level 8","17 years of age","null","null","2021-02-01","2021-04-30","null","2020","2025-05-08T02:34:51+00:00"
"","117","null","Weekly","926.9","CR79298","Hourly","24.39","null","Retail Employee Level 6","null","null","2021-02-01","2021-08-31","null","2020","2025-05-08T02:34:42+00:00"
"","88156","null","Weekly","570.44","CR81416","Hourly","15.01","Completed year 12","2nd year","null","null","2021-02-01","2021-08-31","null","2020","2025-05-08T02:34:49+00:00"
"","88123","null","Weekly","702.08","CR83667","Hourly","18.48","null","3rd year","null","null","2021-02-01","2021-08-31","null","2020","2025-05-08T02:34:51+00:00"
"","88073","null","Weekly","387.36","null","null","null","Retail Employee Level 3","15 years of age and under","null","null","2021-02-01","2021-08-31","null","2020","2025-05-08T02:34:50+00:00"
"","118","null","Weekly","973.4","CR79354","Hourly","25.62","null","Retail Employee Level 7","null","null","2021-02-01","2021-08-31","null","2020","2025-05-08T02:34:42+00:00"
"","88157","null","Weekly","702.08","CR81452","Hourly","18.48","Completed year 12","3rd year","null","null","2021-02-01","2021-08-31","null","2020","2025-05-08T02:34:49+00:00"
"","88033","null","Weekly","745.02","null","null","null","Retail Employee Level 1","20 years of age and employed by the employer for 6 months or less","null","null","2021-02-01","2021-08-31","null","2020","2025-05-08T02:34:52+00:00"
"","88117","null","Weekly","709.03","null","null","null","Retail Employee Level 8","18 years of age","null","null","2021-02-01","2021-04-30","null","2020","2025-05-08T02:34:51+00:00"
"","119","null","Weekly","1012.9","CR79428","Hourly","26.66","null","Retail Employee Level 8","null","null","2021-02-01","2021-08-31","null","2020","2025-05-08T02:34:42+00:00"
"","88158","null","Weekly","789.84","CR81487","Hourly","20.79","Completed year 12","4th year (4 year apprenticeship only)","null","null","2021-02-01","2021-08-31","null","2020","2025-05-08T02:34:49+00:00"
"","88124","null","Weekly","438.8","CR82936","Hourly","11.55","null","1st year","null","null","2021-02-01","2021-08-31","null","2020","2025-05-08T02:34:51+00:00"
"","88160","null","Weekly","827.8","CR83698","Hourly","21.78","null","2nd year","null","null","2021-02-01","2021-08-31","null","2020","2025-05-08T02:34:49+00:00"
"","88034","null","Weekly","827.8","null","null","null","Retail Employee Level 1","20 years of age and employed by the employer for more than 6 months","null","null","2021-02-01","2021-08-31","null","2020","2025-05-08T02:34:52+00:00"
"","88129","null","null","null","null","null","null","null","Has not completed year 12","null","null","2021-02-01","2021-08-31","null","2020","2025-05-08T02:34:51+00:00"
"","88125","null","Weekly","526.56","CR83651","Hourly","13.86","null","2nd year","null","null","2021-02-01","2021-08-31","null","2020","2025-05-08T02:34:51+00:00"
"","88118","null","Weekly","810.32","null","null","null","Retail Employee Level 8","19 years of age","null","null","2021-02-01","2021-04-30","null","2020","2025-05-08T02:34:51+00:00"
"","88035","null","null","null","null","null","null","null","Retail Employee Level 3","null","null","2021-02-01","2021-08-31","null","2020","2025-05-08T02:34:53+00:00"
"","88130","null","Weekly","438.8","CR81198","Hourly","11.55","Has not completed year 12","1st year","null","null","2021-02-01","2021-08-31","null","2020","2025-05-08T02:34:51+00:00"
"","88126","null","Weekly","789.84","CR83679","Hourly","20.79","null","4th year (4 year apprenticeship only)","null","null","2021-02-01","2021-08-31","null","2020","2025-05-08T02:34:51+00:00"
"","88074","null","Weekly","430.4","null","null","null","Retail Employee Level 3","16 years of age","null","null","2021-02-01","2021-08-31","null","2020","2025-05-08T02:34:50+00:00"
"","88043","null","Weekly","417.11","null","null","null","Retail Employee Level 6","15 years of age and under","null","null","2021-02-01","2021-04-30","null","2020","2025-05-08T02:34:49+00:00"
"","88151","null","Weekly","526.56","CR81235","Hourly","13.86","Has not completed year 12","2nd year","null","null","2021-02-01","2021-08-31","null","2020","2025-05-08T02:34:49+00:00"
"","88044","null","Weekly","423.8","null","null","null","Retail Employee Level 2","16 years of age","null","null","2021-02-01","2021-08-31","null","2020","2025-05-08T02:34:49+00:00"
"","88119","null","Weekly","911.61","null","null","null","Retail Employee Level 8","20 years of age and employed by the employer for 6 months or less","null","null","2021-02-01","2021-04-30","null","2020","2025-05-08T02:34:51+00:00"
"","88045","null","Weekly","508.56","null","null","null","Retail Employee Level 2","17 years of age","null","null","2021-02-01","2021-08-31","null","2020","2025-05-08T02:34:49+00:00"
"","88161","null","Weekly","827.8","CR83706","Hourly","21.78","null","3rd year","null","null","2021-02-01","2021-08-31","null","2020","2025-05-08T02:34:49+00:00"
"","88111","null","Weekly","876.06","null","null","null","Retail Employee Level 7","20 years of age and employed by the employer for 6 months or less","null","null","2021-02-01","2021-04-30","null","2020","2025-05-08T02:34:51+00:00"
"","88075","null","Weekly","516.48","null","null","null","Retail Employee Level 3","17 years of age","null","null","2021-02-01","2021-08-31","null","2020","2025-05-08T02:34:50+00:00"
"","88112","null","Weekly","973.4","null","null","null","Retail Employee Level 7","20 years of age and employed by the employer for more than 6 months","null","null","2021-02-01","2021-04-30","null","2020","2025-05-08T02:34:51+00:00"
"","88162","null","Weekly","827.8","CR83718","Hourly","21.78","null","4th year (4 year apprenticeship only)","null","null","2021-02-01","2021-08-31","null","2020","2025-05-08T02:34:49+00:00"
"","88113","null","null","null","null","null","null","null","Retail Employee Level 8","null","null","2021-02-01","2021-04-30","null","2020","2025-05-08T02:34:51+00:00"
"","88076","null","Weekly","602.56","null","null","null","Retail Employee Level 3","18 years of age","null","null","2021-02-01","2021-08-31","null","2020","2025-05-08T02:34:50+00:00"
"","88114","null","Weekly","455.81","null","null","null","Retail Employee Level 8","15 years of age and under","null","null","2021-02-01","2021-04-30","null","2020","2025-05-08T02:34:51+00:00"
"","88078","null","Weekly","774.72","null","null","null","Retail Employee Level 3","20 years of age and employed by the employer for 6 months or less","null","null","2021-02-01","2021-08-31","null","2020","2025-05-08T02:34:50+00:00"
"","88114","null","Weekly","455.81","null","null","null","Retail Employee Level 8","15 years of age and under","null","null","2021-02-01","2021-04-30","null","2020","2025-05-08T02:34:51+00:00"
"","88079","null","Weekly","860.8","null","null","null","Retail Employee Level 3","20 years of age and employed by the employer for more than 6 months","null","null","2021-02-01","2021-08-31","null","2020","2025-05-08T02:34:50+00:00"
"","88034","null","Weekly","827.8","null","null","null","Retail Employee Level 1","20 years of age and employed by the employer for more than 6 months","null","null","2021-02-01","2021-08-31","null","2020","2025-05-08T02:34:52+00:00"
"","88080","null","null","null","null","null","null","null","Retail Employee Level 4","null","null","2021-02-01","2021-04-30","null","2020","2025-05-08T02:34:50+00:00"
"","88088","null","null","null","null","null","null","null","Retail Employee Level 5","null","null","2021-02-01","2021-04-30","null","2020","2025-05-08T02:34:50+00:00"
"","88046","null","Weekly","593.32","null","null","null","Retail Employee Level 2","18 years of age","null","null","2021-02-01","2021-08-31","null","2020","2025-05-08T02:34:49+00:00"
"","88035","null","null","null","null","null","null","null","Retail Employee Level 3","null","null","2021-02-01","2021-08-31","null","2020","2025-05-08T02:34:53+00:00"
"","88107","null","Weekly","486.7","null","null","null","Retail Employee Level 7","16 years of age","null","null","2021-02-01","2021-04-30","null","2020","2025-05-08T02:34:51+00:00"
"","88089","null","Weekly","411.17","null","null","null","Retail Employee Level 5","15 years of age and under","null","null","2021-02-01","2021-04-30","null","2020","2025-05-08T02:34:50+00:00"
"","88108","null","Weekly","584.04","null","null","null","Retail Employee Level 7","17 years of age","null","null","2021-02-01","2021-04-30","null","2020","2025-05-08T02:34:51+00:00"
"","88043","null","Weekly","417.11","null","null","null","Retail Employee Level 6","15 years of age and under","null","null","2021-02-01","2021-04-30","null","2020","2025-05-08T02:34:49+00:00"
"","88109","null","Weekly","681.38","null","null","null","Retail Employee Level 7","18 years of age","null","null","2021-02-01","2021-04-30","null","2020","2025-05-08T02:34:51+00:00"
"","88090","null","Weekly","456.85","null","null","null","Retail Employee Level 5","16 years of age","null","null","2021-02-01","2021-04-30","null","2020","2025-05-08T02:34:50+00:00"
"","88110","null","Weekly","778.72","null","null","null","Retail Employee Level 7","19 years of age","null","null","2021-02-01","2021-04-30","null","2020","2025-05-08T02:34:51+00:00"
"","88044","null","Weekly","423.8","null","null","null","Retail Employee Level 2","16 years of age","null","null","2021-02-01","2021-08-31","null","2020","2025-05-08T02:34:49+00:00"
"","88102","null","Weekly","834.21","null","null","null","Retail Employee Level 6","20 years of age and employed by the employer for 6 months or less","null","null","2021-02-01","2021-04-30","null","2020","2025-05-08T02:34:51+00:00"
"","88091","null","Weekly","548.22","null","null","null","Retail Employee Level 5","17 years of age","null","null","2021-02-01","2021-04-30","null","2020","2025-05-08T02:34:50+00:00"
"","88103","null","Weekly","926.9","null","null","null","Retail Employee Level 6","20 years of age and employed by the employer for more than 6 months","null","null","2021-02-01","2021-04-30","null","2020","2025-05-08T02:34:51+00:00"
"","88045","null","Weekly","508.56","null","null","null","Retail Employee Level 2","17 years of age","null","null","2021-02-01","2021-08-31","null","2020","2025-05-08T02:34:49+00:00"
"","88104","null","null","null","null","null","null","null","Retail Employee Level 7","null","null","2021-02-01","2021-04-30","null","2020","2025-05-08T02:34:51+00:00"
"","88092","null","Weekly","639.59","null","null","null","Retail Employee Level 5","18 years of age","null","null","2021-02-01","2021-04-30","null","2020","2025-05-08T02:34:50+00:00"
"","88105","null","Weekly","438.03","null","null","null","Retail Employee Level 7","15 years of age and under","null","null","2021-02-01","2021-04-30","null","2020","2025-05-08T02:34:51+00:00"
"","88093","null","Weekly","730.96","null","null","null","Retail Employee Level 5","19 years of age","null","null","2021-02-01","2021-04-30","null","2020","2025-05-08T02:34:50+00:00"
"","88027","null","null","null","null","null","null","null","Retail Employee Level 1","null","null","2021-02-01","2021-08-31","null","2020","2025-05-08T02:34:52+00:00"
"","88084","null","Weekly","614.32","null","null","null","Retail Employee Level 4","18 years of age","null","null","2021-02-01","2021-04-30","null","2020","2025-05-08T02:34:50+00:00"
"","88028","null","Weekly","372.51","null","null","null","Retail Employee Level 1","15 years of age and under","null","null","2021-02-01","2021-08-31","null","2020","2025-05-08T02:34:52+00:00"
"","88085","null","Weekly","702.08","null","null","null","Retail Employee Level 4","19 years of age","null","null","2021-02-01","2021-04-30","null","2020","2025-05-08T02:34:50+00:00"
"","88029","null","Weekly","413.9","null","null","null","Retail Employee Level 1","16 years of age","null","null","2021-02-01","2021-08-31","null","2020","2025-05-08T02:34:52+00:00"
"","88086","null","Weekly","789.84","null","null","null","Retail Employee Level 4","20 years of age and employed by the employer for 6 months or less","null","null","2021-02-01","2021-04-30","null","2020","2025-05-08T02:34:50+00:00"
"","88030","null","Weekly","496.68","null","null","null","Retail Employee Level 1","17 years of age","null","null","2021-02-01","2021-08-31","null","2020","2025-05-08T02:34:52+00:00"
"","88087","null","Weekly","877.6","null","null","null","Retail Employee Level 4","20 years of age and employed by the employer for more than 6 months","null","null","2021-02-01","2021-04-30","null","2020","2025-05-08T02:34:50+00:00"
"","88099","null","Weekly","556.14","null","null","null","Retail Employee Level 6","17 years of age","null","null","2021-02-01","2021-04-30","null","2020","2025-05-08T02:34:51+00:00"
"","88100","null","Weekly","648.83","null","null","null","Retail Employee Level 6","18 years of age","null","null","2021-02-01","2021-04-30","null","2020","2025-05-08T02:34:51+00:00"
"","88101","null","Weekly","741.52","null","null","null","Retail Employee Level 6","19 years of age","null","null","2021-02-01","2021-04-30","null","2020","2025-05-08T02:34:51+00:00"
"","88094","null","Weekly","822.33","null","null","null","Retail Employee Level 5","20 years of age and employed by the employer for 6 months or less","null","null","2021-02-01","2021-04-30","null","2020","2025-05-08T02:34:50+00:00"
"","88095","null","Weekly","913.7","null","null","null","Retail Employee Level 5","20 years of age and employed by the employer for more than 6 months","null","null","2021-02-01","2021-04-30","null","2020","2025-05-08T02:34:50+00:00"
"","88096","null","null","null","null","null","null","null","Retail Employee Level 2","null","null","2021-02-01","2021-08-31","null","2020","2025-05-08T02:34:50+00:00"
"","88097","null","null","null","null","null","null","null","Retail Employee Level 6","null","null","2021-02-01","2021-04-30","null","2020","2025-05-08T02:34:50+00:00"
"","88098","null","Weekly","463.45","null","null","null","Retail Employee Level 6","16 years of age","null","null","2021-02-01","2021-04-30","null","2020","2025-05-08T02:34:51+00:00"
"","112","null","Weekly","813.6","CR74042","Hourly","21.41","null","Retail Employee Level 1","null","null","2019-07-01","2021-01-31","null","2019","2025-05-08T02:34:37+00:00"
"","116","null","Weekly","898","CR74202","Hourly","23.63","null","Retail Employee Level 5","null","null","2019-07-01","2021-01-31","null","2019","2025-05-08T02:34:38+00:00"
"","113","null","Weekly","833","CR74073","Hourly","21.92","null","Retail Employee Level 2","null","null","2019-07-01","2021-01-31","null","2019","2025-05-08T02:34:37+00:00"
"","117","null","Weekly","911","CR74232","Hourly","23.97","null","Retail Employee Level 6","null","null","2019-07-01","2021-01-31","null","2019","2025-05-08T02:34:38+00:00"
"","114","null","Weekly","846","CR74143","Hourly","22.26","null","Retail Employee Level 3","null","null","2019-07-01","2021-01-31","null","2019","2025-05-08T02:34:37+00:00"
"","118","null","Weekly","956.7","CR74276","Hourly","25.18","null","Retail Employee Level 7","null","null","2019-07-01","2021-01-31","null","2019","2025-05-08T02:34:38+00:00"
"","115","null","Weekly","862.5","CR74171","Hourly","22.7","null","Retail Employee Level 4","null","null","2019-07-01","2021-01-31","null","2019","2025-05-08T02:34:37+00:00"
"","119","null","Weekly","995.5","CR74298","Hourly","26.2","null","Retail Employee Level 8","null","null","2019-07-01","2021-01-31","null","2019","2025-05-08T02:34:38+00:00"
"","112","null","Weekly","789.9","CR71502","Hourly","20.79","null","Retail Employee Level 1","null","null","2018-07-01","2019-06-30","null","2018","2025-05-08T02:34:31+00:00"
"","118","null","Weekly","928.8","CR71828","Hourly","24.44","null","Retail Employee Level 7","null","null","2018-07-01","2019-06-30","null","2018","2025-05-08T02:34:31+00:00"
"","119","null","Weekly","966.5","CR71862","Hourly","25.43","null","Retail Employee Level 8","null","null","2018-07-01","2019-06-30","null","2018","2025-05-08T02:34:31+00:00"
"","113","null","Weekly","808.7","CR71542","Hourly","21.28","null","Retail Employee Level 2","null","null","2018-07-01","2019-06-30","null","2018","2025-05-08T02:34:31+00:00"
"","115","null","Weekly","837.4","CR71710","Hourly","22.04","null","Retail Employee Level 4","null","null","2018-07-01","2019-06-30","null","2018","2025-05-08T02:34:31+00:00"
"","114","null","Weekly","821.4","CR71579","Hourly","21.62","null","Retail Employee Level 3","null","null","2018-07-01","2019-06-30","null","2018","2025-05-08T02:34:31+00:00"
"","116","null","Weekly","871.8","CR71745","Hourly","22.94","null","Retail Employee Level 5","null","null","2018-07-01","2019-06-30","null","2018","2025-05-08T02:34:31+00:00"
"","117","null","Weekly","884.5","CR71783","Hourly","23.28","null","Retail Employee Level 6","null","null","2018-07-01","2019-06-30","null","2018","2025-05-08T02:34:31+00:00"
"","116","null","Weekly","842.3","CR67171","Hourly","22.17","null","Retail Employee Level 5","null","null","2017-07-01","2018-06-30","null","2017","2025-05-08T02:34:21+00:00"
"","117","null","Weekly","854.6","CR67194","Hourly","22.49","null","Retail Employee Level 6","null","null","2017-07-01","2018-06-30","null","2017","2025-05-08T02:34:22+00:00"
"","118","null","Weekly","897.4","CR67228","Hourly","23.62","null","Retail Employee Level 7","null","null","2017-07-01","2018-06-30","null","2017","2025-05-08T02:34:22+00:00"
"","119","null","Weekly","933.8","CR67282","Hourly","24.57","null","Retail Employee Level 8","null","null","2017-07-01","2018-06-30","null","2017","2025-05-08T02:34:22+00:00"
"","112","null","Weekly","763.2","CR67058","Hourly","20.08","null","Retail Employee Level 1","null","null","2017-07-01","2018-06-30","null","2017","2025-05-08T02:34:21+00:00"
"","113","null","Weekly","781.4","CR67082","Hourly","20.56","null","Retail Employee Level 2","null","null","2017-07-01","2018-06-30","null","2017","2025-05-08T02:34:21+00:00"
"","114","null","Weekly","793.6","CR67113","Hourly","20.88","null","Retail Employee Level 3","null","null","2017-07-01","2018-06-30","null","2017","2025-05-08T02:34:21+00:00"
"","115","null","Weekly","809.1","CR67149","Hourly","21.29","null","Retail Employee Level 4","null","null","2017-07-01","2018-06-30","null","2017","2025-05-08T02:34:21+00:00"
"","113","null","Weekly","756.4","CR61756","Hourly","19.91","null","Retail Employee Level 2","null","null","2016-07-01","2017-06-30","null","2016","2025-05-08T02:34:16+00:00"
"","116","null","Weekly","815.4","CR61871","Hourly","21.46","null","Retail Employee Level 5","null","null","2016-07-01","2017-06-30","null","2016","2025-05-08T02:34:16+00:00"
"","115","null","Weekly","783.3","CR61832","Hourly","20.61","null","Retail Employee Level 4","null","null","2016-07-01","2017-06-30","null","2016","2025-05-08T02:34:16+00:00"
"","117","null","Weekly","827.3","CR61910","Hourly","21.77","null","Retail Employee Level 6","null","null","2016-07-01","2017-06-30","null","2016","2025-05-08T02:34:16+00:00"
"","118","null","Weekly","868.7","CR61946","Hourly","22.86","null","Retail Employee Level 7","null","null","2016-07-01","2017-06-30","null","2016","2025-05-08T02:34:16+00:00"
"","119","null","Weekly","904","CR62044","Hourly","23.79","null","Retail Employee Level 8","null","null","2016-07-01","2017-06-30","null","2016","2025-05-08T02:34:16+00:00"
"","112","null","Weekly","738.8","CR61705","Hourly","19.44","null","Retail Employee Level 1","null","null","2016-07-01","2017-06-30","null","2016","2025-05-08T02:34:16+00:00"
"","114","null","Weekly","768.2","CR61790","Hourly","20.22","null","Retail Employee Level 3","null","null","2016-07-01","2017-06-30","null","2016","2025-05-08T02:34:16+00:00"
"","116","null","Weekly","796.3","CR61953","Hourly","20.96","null","Retail Employee Level 5","null","null","2015-07-01","2016-06-30","null","2015","2025-05-08T02:34:12+00:00"
"","118","null","Weekly","848.3","CR62029","Hourly","22.32","null","Retail Employee Level 7","null","null","2015-07-01","2016-06-30","null","2015","2025-05-08T02:34:12+00:00"
"","117","null","Weekly","807.9","CR61989","Hourly","21.26","null","Retail Employee Level 6","null","null","2015-07-01","2016-06-30","null","2015","2025-05-08T02:34:12+00:00"
"","119","null","Weekly","882.8","CR62109","Hourly","23.23","null","Retail Employee Level 8","null","null","2015-07-01","2016-06-30","null","2015","2025-05-08T02:34:12+00:00"
"","112","null","Weekly","721.5","CR61789","Hourly","18.99","null","Retail Employee Level 1","null","null","2015-07-01","2016-06-30","null","2015","2025-05-08T02:34:12+00:00"
"","114","null","Weekly","750.2","CR61846","Hourly","19.74","null","Retail Employee Level 3","null","null","2015-07-01","2016-06-30","null","2015","2025-05-08T02:34:12+00:00"
"","115","null","Weekly","764.9","CR61922","Hourly","20.13","null","Retail Employee Level 4","null","null","2015-07-01","2016-06-30","null","2015","2025-05-08T02:34:12+00:00"
"","113","null","Weekly","738.7","CR61817","Hourly","19.44","null","Retail Employee Level 2","null","null","2015-07-01","2016-06-30","null","2015","2025-05-08T02:34:12+00:00"
